Text,Address,Street_Number,Street_Name,Street_Address,City,Zip_Code,State,Country
"7700 Las Vegas Blvd South Strip Las Vegas NV 89123 Contact us at Reservations: 702 736-4939 Take Out: 702 736-7080 Home Menu Our Story Entertainment Awards Parties Events Shop More... Use tab to navigate through the menu items.","7700 Las Vegas Blvd South Strip Las Vegas NV 89123",7700,Las Vegas Blvd South,7700 Las Vegas Blvd South,Las Vegas,89123,NV,
"OUR OFFICE 114 Joey Drive, Elk Grove Village, Il 60007","114 Joey Drive, Elk Grove Village, Il 60007",114,Joey Drive,114 Joey Drive,Elk Grove Village,60007,Il,
"EMAIL: sales@airservicesco.com Career Inquires: HR@airservicesco.com 211 Seegers Avenue Elk Grove Village, IL 60007 847 725-2100 COVID-19 STATEMENT","211 Seegers Avenue Elk Grove Village, IL 60007",211,Seegers Avenue,211 Seegers Avenue,Elk Grove Village,60007,IL,
"May 15 2024 Open House all day May 15 2024 Student Safety Committee Meeting 4 : 00 PM - 5 : 00 PM May 15 2024 LCAP PAC meeting 6 : 00 PM - 7 : 30 PM 351 S. Hudson Ave., Pasadena, CA 91101","351 S. Hudson Ave., Pasadena, CA 91101",351,S. Hudson Ave.,351 S. Hudson Ave.,Pasadena,91101,CA,
"Get In Touch! 573-883-7097 Welcome Center 66 South Main Street Ste. Genevive, MO 63670 info@visitstegen.com","66 South Main Street Ste. Genevive, MO 63670",66,South Main Street,66 South Main Street,Ste. Genevive,63670,MO,
"Connect with FLO 425-453-4005 1150 106th Ave NE Bellevue, WA 98004","1150 106th Ave NE Bellevue, WA 98004",1150,106th Ave NE,1150 106th Ave NE,Bellevue,98004,WA,
"PO BOX 3411 TELLURIDE, CO 81435 970.729.8080 INFO@SK4DESIGNS.COM","TELLURIDE, CO 81435",,,,TELLURIDE,81435,CO,
"Reach Us Address 1610 Chiefs Way Wayne, Ne 68787 Contact 402 375-4715 info@seedsourceag.com Visit M-F: 8am 5pm","1610 Chiefs Way Wayne, Ne 68787",1610,Chiefs Way,1610 Chiefs Way,Wayne,68787,Ne,
"Contact Mailing: PO BOX 3411 Telluride, CO 81432 Shipping: 295 Mahoney Drive, Unit K Telluride, CO 81432 970.729.8080 info@sk4designs.com","295 Mahoney Drive, Unit K Telluride, CO 81432",295,Mahoney Drive,295 Mahoney Drive,Telluride,81432,CO,
"Dillon Music 325 Fulton Street Woodbridge, NJ 07095","325 Fulton Street Woodbridge, NJ 07095",325,Fulton Street,325 Fulton Street,Woodbridge,07095,NJ,
"Society for the Blind 1238 S Street Sacramento, CA 95811 United States","1238 S Street Sacramento, CA 95811",1238,S Street,1238 S Street,Sacramento,95811,CA,United States
"Triple Crown Construction 1525 Tilco Drive, Unit B-1, Frederick, MD 21704","1525 Tilco Drive, Unit B-1, Frederick, MD 21704",1525,Tilco Drive,1525 Tilco Drive,Frederick,21704,MD,
"4700 NW 2nd Ave, Suite 400 Boca Raton, Fl 33431","4700 NW 2nd Ave, Suite 400 Boca Raton, Fl 33431",4700,NW 2nd Ave,4700 NW 2nd Ave,Boca Raton,33431,Fl,
"Lakewood 6955 West Colfax Lakewood,CO 80214","6955 West Colfax Lakewood,CO 80214",6955,West Colfax,6955 West Colfax,Lakewood,80214,CO,
"Littleton 5425 South Broadway Littleton,CO 80121","5425 South Broadway Littleton,CO 80121",5425,South Broadway,5425 South Broadway,Littleton,80121,CO,
"FR Clothing Supply 340 Justin Ave Suite 104 Platteville, CO 80651","340 Justin Ave Suite 104 Platteville, CO 80651",340,Justin Ave,340 Justin Ave,Platteville,80651,CO,
"P.O. Box 13753 Reno, NV 89507","13753 Reno, NV 89507",,,,Reno,89507,NV,
"Parkway Toyota 50 Sylvan Avenue 9W Englewood Cliffs, NJ 07632 Sales : 201 944-3300","50 Sylvan Avenue 9W Englewood Cliffs, NJ 07632",50,"Sylvan Avenue 9W","50 Sylvan Avenue 9W","Englewood Cliffs","07632","NJ",""
"Contact 510 979-1200 info@fremontbank.com 39300 Civic Center Drive Suite 390 Fremont, CA 94538 Blog","39300 Civic Center Drive Suite 390 Fremont, CA 94538",39300,"Civic Center Drive","39300 Civic Center Drive","Fremont","94538","CA",""
"Henges Interiors Hours by Appointment Please call to set up your personal design consultation with one of our designers. 314-291-6600 4133 Shoreline Drive Earth City, Missouri 63045","4133 Shoreline Drive Earth City, Missouri 63045",4133,"Shoreline Drive","4133 Shoreline Drive","Earth City","63045","Missouri",""
"8950 Telegraph Road Taylor, MI 48180 Monday Thursday 8:00 AM 4:30 PM Friday 8:00 AM 3:30 PM","8950 Telegraph Road Taylor, MI 48180",8950,"Telegraph Road","8950 Telegraph Road","Taylor","48180","MI",""
"148 E. Main Street New Rochelle, NY 10801 914 632-0248 info@salesianhigh.org HOME About Admissions Academics Athletics Alumni Students Parents Staff Contact","148 E. Main Street New Rochelle, NY 10801",148,"E. Main Street","148 E. Main Street","New Rochelle","10801","NY",
"Bird Shoppers Paradise 302-684-4101 26754 Lewes Georgetown Highway Harbeson, Delaware 19951 Delawares Largest Exotic Bird Store!","26754 Lewes Georgetown Highway Harbeson, Delaware 19951",26754,"Lewes Georgetown Highway","26754 Lewes Georgetown Highway","Harbeson","19951","Delaware",
"Contact Us 6012 Bayfield Pky Suite 208 Concord, NC 28027 Phone: 1.800.510.3574 Email: info@cange.management Web: Change Management Review","6012 Bayfield Pky Suite 208 Concord, NC 28027",6012,"Bayfield Pky","6012 Bayfield Pky","Concord","28027","NC",
"18 Technology Drive Suite 110 Irvine, CA 92618 1-844-YES-RESHAPE 1-844-937-7374 info@ReShapeLifesci.com","18 Technology Drive Suite 110 Irvine, CA 92618",18,"Technology Drive","18 Technology Drive","Irvine","92618","CA",
"Email Us Call Us Mailing Address: Adirondack Fragrance Farm 1551 HWY-72, Potsdam NY 13676","1551 HWY-72, Potsdam NY 13676",1551,HWY-72,1551 HWY-72,Potsdam,13676,NY,
"3052, State Highway 28, Old Forge, Town of Webb, Herkimer County, NY, 13420 315-369-8733","3052, State Highway 28, Old Forge, Town of Webb, Herkimer County, NY, 13420",3052,State Highway 28,3052 State Highway 28,Old Forge,13420,NY,
"9097 NY-30, Blue Mountain Lake, NY 12812 theadkx.org 518-352-7311 Adirondack Museum-Blue Mtn Lake Get Direction Loading...","9097 NY-30, Blue Mountain Lake, NY 12812",9097,NY-30,9097 NY-30,Blue Mountain Lake,12812,NY,
"23, Chong Street, Akolea Plantation Estates, Hilo, Hawaii County, Hawaii, 96720, United States ekahidesign.com 8087472829","23 Chong Street, Hilo, Hawaii, 96720, United States",23,Chong Street,23 Chong Street,Hilo,96720,Hawaii,United States
"Hemlock Semiconductor Operations 12334 Geddes Road PO Box 80 Hemlock, Michigan 48626 USA","12334 Geddes Road Hemlock, Michigan 48626 USA",12334,Geddes Road,12334 Geddes Road,Hemlock,12334,Michigan,
"The Association for Investor Awareness, Inc. 2020 Pennsylvania Avenue, NW 755 Washington, DC 20006","2020 Pennsylvania Avenue, NW 755 Washington, DC 20006",2020,Pennsylvania Avenue,2020 Pennsylvania Avenue,Washington,20006,DC,
"All documents should be mailed, emailed, or scanned to our secure confidential office. Address: SONGFEST 2024 5789 Kugler Mill Road Cincinnati, OH 45236","5789 Kugler Mill Road Cincinnati, OH 45236",5789,Kugler Mill Road,5789 Kugler Mill Road,Cincinnati,45236,OH,
"746 Front Street P.O. Box 308 Casselton, ND 58012","746 Front Street Casselton, ND 58012",746,Front Street,746 Front Street,Casselton,58012,ND,
"Richard Brothers Financial Advisors 50 Donald B. Dean Drive, Suite 1 South Portland, Maine 04106","50 Donald B. Dean Drive, Suite 1 South Portland, Maine 04106",50,Donald B. Dean Drive,50 Donald B. Dean Drive,South Portland,04106,Maine,
"TechSource IT Solutions 1234 Innovation Drive, Suite 200 San Jose, CA 95131 408-555-1234 support@techsource.com","1234 Innovation Drive, Suite 200 San Jose, CA 95131",1234,Innovation Drive,1234 Innovation Drive,San Jose,95131,CA,United States
"GreenLeaf Landscaping 9876 Spruce Avenue Boulder, CO 80302 303-555-7890 info@greenleaflandscaping.com","9876 Spruce Avenue Boulder, CO 80302",9876,Spruce Avenue,9876 Spruce Avenue,Boulder,80302,CO,United States
"Urban Outfitters 5678 Fashion Street New York, NY 10001 212-555-4567 contact@urbanoutfitters.com","5678 Fashion Street New York, NY 10001",5678,Fashion Street,5678 Fashion Street,New York,10001,NY,United States
"Sunrise Bakery 1122 Morning Glory Road Atlanta, GA 30303 404-555-2323 orders@sunrisebakery.com","1122 Morning Glory Road Atlanta, GA 30303",1122,Morning Glory Road,1122 Morning Glory Road,Atlanta,30303,GA,United States
"Pacific Health Center 2345 Wellness Way, Suite 400 Los Angeles, CA 90001 323-555-6767 care@pacifichealth.com","2345 Wellness Way, Suite 400 Los Angeles, CA 90001",2345,Wellness Way,2345 Wellness Way,Los Angeles,90001,CA,United States
"Mountain Peak Adventures 7890 Alpine Trail Denver, CO 80202 720-555-3344 adventure@mountainpeak.com","7890 Alpine Trail Denver, CO 80202",7890,Alpine Trail,7890 Alpine Trail,Denver,80202,CO,United States
"Sea Breeze Resort 4567 Ocean Drive Miami, FL 33101 305-555-7788 reservations@seabreeze.com","4567 Ocean Drive Miami, FL 33101",4567,Ocean Drive,4567 Ocean Drive,Miami,33101,FL,United States
"Riverfront Bookstore 1357 Riverside Avenue Portland, OR 97201 503-555-9090 books@riverfront.com","1357 Riverside Avenue Portland, OR 97201",1357,Riverside Avenue,1357 Riverside Avenue,Portland,97201,OR,United States
"Metro Tech Services 6789 Metro Parkway, Suite 300 Detroit, MI 48201 313-555-2233 support@metrotech.com","6789 Metro Parkway, Suite 300 Detroit, MI 48201",6789,Metro Parkway,6789 Metro Parkway,Detroit,48201,MI,United States
"Skyline Architects 3456 Skyline Boulevard Seattle, WA 98101 206-555-5566 design@skylinearchitects.com","3456 Skyline Boulevard Seattle, WA 98101",3456,Skyline Boulevard,3456 Skyline Boulevard,Seattle,98101,WA,United States
"BrightFuture Education 8901 Knowledge Lane, Suite 500 Boston, MA 02101 617-555-1122 info@brightfuture.com","8901 Knowledge Lane, Suite 500 Boston, MA 02101",8901,Knowledge Lane,8901 Knowledge Lane,Boston,02101,MA,United States
"BlueWave Technologies 9012 Tech Park Drive Austin, TX 73301 512-555-7788 contact@bluewave.com","9012 Tech Park Drive Austin, TX 73301",9012,Tech Park Drive,9012 Tech Park Drive,Austin,73301,TX,United States
"Sunny Days Childcare 5432 Sunshine Street Orlando, FL 32801 407-555-4455 enroll@sunnydays.com","5432 Sunshine Street Orlando, FL 32801",5432,Sunshine Street,5432 Sunshine Street,Orlando,32801,FL,United States
"Coastal Real Estate 678 Beachside Boulevard San Diego, CA 92101 619-555-6677 homes@coastalrealestate.com","678 Beachside Boulevard San Diego, CA 92101",678,Beachside Boulevard,678 Beachside Boulevard,San Diego,92101,CA,United States
"Evergreen Forestry 12345 Timberland Drive Eugene, OR 97401 541-555-3344 info@evergreenforestry.com","12345 Timberland Drive Eugene, OR 97401",12345,Timberland Drive,12345 Timberland Drive,Eugene,97401,OR,United States
"550 Cedar Avenue P.O. Box 550 Middlesex, NJ 08846","550 Cedar Avenue Middlesex, NJ 08846",550,Cedar Avenue,550 Cedar Avenue,Middlesex,08846,NJ,
"700 Blue Ridge Terrace Columbia SC 29203","700 Blue Ridge Terrace Columbia SC 29203",700,Blue Ridge Terrace,700 Blue Ridge Terrace,Columbia,29203,SC,
"35 Mitchell Blvd. Suite 8 San Rafael, CA 94903","35 Mitchell Blvd. Suite 8 San Rafael, CA 94903",35,Mitchell Blvd.,35 Mitchell Blvd.,San Rafael,94903,CA,
"655 US-1, Scarborough, ME 04074","655 US-1, Scarborough, ME 04074",655,US-1,655 US-1,Scarborough,04074,ME,
"14301 FNB Pwy. Suite 100 Omaha, NE 68154","14301 FNB Pwy. Suite 100 Omaha, NE 68154",14301,FNB Pwy.,14301 FNB Pwy.,Omaha,68154,NE,
"3011-B Adriatic Ct. Peachtree Corners, GA 30071","3011-B Adriatic Ct. Peachtree Corners, GA 30071",3011-B,Adriatic Ct.,3011-B Adriatic Ct.,Peachtree Corners,30071,GA,
"241 West 30th St, New York, NY 10001","241 West 30th St, New York, NY 10001",241,West 30th St,241 West 30th St,New York,10001,NY,
"2814 E Los Angeles Ave Simi Valley CA 93065","2814 E Los Angeles Ave Simi Valley CA 93065",2814,E Los Angeles Ave,2814 E Los Angeles Ave,Simi Valley,93065,CA,
"Address: 55 Lipan St Denver, CO 80223","55 Lipan St Denver, CO 80223",55,Lipan St,55 Lipan St,Denver,80223,CO,
"MidWest Tile Granite - 13259 Centennial Rd, Omaha, NE 68138","13259 Centennial Rd, Omaha, NE 68138",13259,Centennial Rd,13259 Centennial Rd,Omaha,68138,NE,
"Additional Office Location: 533 Airport Blvd. No. 400 Burlingame , CA 94010","533 Airport Blvd. No. 400 Burlingame , CA 94010",533,Airport Blvd,533 Airport Blvd. No. 400,Burlingame,94010,CA,
"8500 SE Burns Ave., Kingman, KS 67068","8500 SE Burns Ave., Kingman, KS 67068",8500,SE Burns Ave,8500 SE Burns Ave,Kingman,67068,KS,
"Garden Plain Office- 401 North Main St. Garden Plain, KS 67050","401 North Main St. Garden Plain, KS 67050",401,North Main St,401 North Main St,Garden Plain,67050,KS,
"22444 County Road 102, Woodland, CA. 95776","22444 County Road 102, Woodland, CA. 95776",22444,County Road 102,22444 County Road 102,Woodland,95776,CA,
"CHANNELL COMMERCIAL CORPORATION 1700 Justin Rd, Rockwall, TX 75087","1700 Justin Rd, Rockwall, TX 75087",1700,Justin Rd,1700 Justin Rd,Rockwall,75087,TX,
"Mailing Address: P.O. Box 3294 Muncie, IN 47307","Muncie, IN 47307","","","",Muncie,47307,IN,
"Reno 5390 Riggins Court Ste A, Reno, NV 89502","5390 Riggins Court Ste A, Reno, NV 89502",5390,Riggins Court,5390 Riggins Court Ste A,Reno,89502,NV,
"Contact Us Phone: 617.938.6000 Email: info@platformq.com 100 Crescent Road Needham, MA 02494","100 Crescent Road Needham, MA 02494",100,Crescent Road,100 Crescent Road,Needham,02494,MA,
"101 North Service Road East Ruston, Louisiana 71270 318-323-7587","101 North Service Road East Ruston, Louisiana 71270",101,North Service Road East,101 North Service Road East,Ruston,71270,Louisiana,
"LOCATION 1401 Wardingley Ave. Columbiana, OH 44408","1401 Wardingley Ave. Columbiana, OH 44408",1401,Wardingley Ave.,1401 Wardingley Ave.,Columbiana,44408,OH,
"View fullsize 664 MAIN ST. GORHAM, ME, 04038 UNITED STATES 207 854 0074","664 MAIN ST. GORHAM, ME, 04038 UNITED STATES",664,MAIN ST.,664 MAIN ST.,GORHAM,04038,ME,UNITED STATES
"10 Commerce Way 8 Raynham, MA 02767","10 Commerce Way 8 Raynham, MA 02767",10,Commerce Way,10 Commerce Way,Raynham,02767,MA,
"7822 Commerce Drive Denver, NC 28037","7822 Commerce Drive Denver, NC 28037",7822,Commerce Drive,7822 Commerce Drive,Denver,28037,NC,
"Chambers Road Covered Bridge Chambers Rd, Sunbury, Ohio 43074","Chambers Rd, Sunbury, Ohio 43074",,Chambers Rd,Chambers Rd,Sunbury,43074,Ohio,
"AB Mechanical Inc. 2252 Railroad Ave Livermore CA United States 94550","2252 Railroad Ave Livermore CA United States 94550",2252,Railroad Ave,2252 Railroad Ave,Livermore,94550,CA,United States
"Contact Us 412 N. Market St. Elizabethtown, PA 17022 Phone: 717.689.5400 Email: sales@copyarmy.com Web: www.copyarmy.com","412 N. Market St. Elizabethtown, PA 17022",412,N. Market St.,412 N. Market St.,Elizabethtown,17022,PA,
"Address 14131 Midway Rd, Addison, TX, 75001","14131 Midway Rd, Addison, TX, 75001",14131,Midway Rd,14131 Midway Rd,Addison,75001,TX,
"19 ST ANDREW ST, BULRINGTON, VT, 05401,, United States","19 ST ANDREW ST, BULRINGTON, VT, 05401",19,ST ANDREW ST,19 ST ANDREW ST,BULRINGTON,05401,VT,United States
"2574 EAST 23RD STREE, CHATTANOOGA, TN 37404, United States","2574 EAST 23RD STREE, CHATTANOOGA, TN 37404",2574,EAST 23RD STREE,2574 EAST 23RD STREE,CHATTANOOGA,37404,TN,United States
"5931 W ANGELA RD, MEMPHIS, TN 38120, United States","5931 W ANGELA RD, MEMPHIS, TN 38120",5931,W ANGELA RD,5931 W ANGELA RD,MEMPHIS,38120,TN,United States
"3812 MYERS STREET, GREENEVILLE, TN 37743, United States","3812 MYERS STREET, GREENEVILLE, TN 37743",3812,MYERS STREET,3812 MYERS STREET,GREENEVILLE,37743,TN,United States
"HWY 33 BY-PASS BOX, DYERSBURG, TN 38024, United States","HWY 33 BY-PASS BOX, DYERSBURG, TN 38024",,,HWY 33 BY-PASS BOX,DYERSBURG,38024,TN,United States
"423 TRENT STATE STRE, DOVER, DE 19001, United States","423 TRENT STATE STRE, DOVER, DE 19001",423,TRENT STATE STRE,423 TRENT STATE STRE,DOVER,19001,DE,United States
"269 ABBOTT MT ROAD, CHATTANOOGA, TN 37405, United States","269 ABBOTT MT ROAD, CHATTANOOGA, TN 37405",269,ABBOTT MT ROAD,269 ABBOTT MT ROAD,CHATTANOOGA,37405,TN,United States
"HIGHWAY 11-E, RUSSELLVILLE, TN 00000, United States","HIGHWAY 11-E, RUSSELLVILLE, TN 00000",,,HIGHWAY 11-E,RUSSELLVILLE,00000,TN,United States
"8725 HWY 62 N, MILLINGTON, TN 38053, United States","8725 HWY 62 N, MILLINGTON, TN 38053",8725,HWY 62 N,8725 HWY 62 N,MILLINGTON,38053,TN,United States
"6081 SUMMER AVENUE, MEMPHIS, TN 38134, United States","6081 SUMMER AVENUE, MEMPHIS, TN 38134",6081,SUMMER AVENUE,6081 SUMMER AVENUE,MEMPHIS,38134,TN,United States
"STE 363 8 REGENCY SQ, KNOXVILLE, TN 37915, United States","8 REGENCY SQ, KNOXVILLE, TN 37915",8,"REGENCY SQ","8 REGENCY SQ",KNOXVILLE,37915,TN,United States
"NAT TRUST CENTER 1612 REDWOOD STREET, WILMINGTON, DE 19801, United States","1612 REDWOOD STREET, WILMINGTON, DE 19801",1612,"REDWOOD STREET","1612 REDWOOD STREET",WILMINGTON,19801,DE,United States
"PO BOX 631, GIDDINGS, TX 78942,United States","GIDDINGS, TX 78942",,,,"GIDDINGS",78942,TX,United States
"9281 S MAIN ST PO BOX 284, SPRINGFIELD, TN 37172, United States","9281 S MAIN ST, SPRINGFIELD, TN 37172",9281,"S MAIN ST","9281 S MAIN ST",SPRINGFIELD,37172,TN,United States
"PO BOX 3028 OMOHUN, NASHVILLE, TN 37210, United States","OMOHUN, NASHVILLE, TN 37210",,,,"NASHVILLE",37210,TN,United States
"375 MCDONNELL BLVD-PO BOX 5840, ST. LOUIS, MO 63134,United States","375 MCDONNELL BLVD, ST. LOUIS, MO 63134",375,"MCDONNELL BLVD","375 MCDONNELL BLVD",ST. LOUIS,63134,MO,United States
"PO BOX 724, TRUSSVILLE, AL 35173, United States","TRUSSVILLE, AL 35173",,,,"TRUSSVILLE",35173,AL,United States
"PO BOX 903, BALDWIN, GA, 30511,, United States","BALDWIN, GA, 30511",,,,"BALDWIN",30511,GA,United States
"PO BOX 337, NORTONVILLE, KS 66060,United States","NORTONVILLE, KS 66060",,,,"NORTONVILLE",66060,KS,United States
"FRANK RD PO BOX 24, SO POMFRET, VT, 05067,, United States","FRANK RD, SO POMFRET, VT, 05067",,"FRANK RD","FRANK RD",SO POMFRET,05067,VT,United States
"221 JIM SULLIVAN BLVD PO BOX 1482, SALISBURY, NC 28145, United States","221 JIM SULLIVAN BLVD, SALISBURY, NC 28145",221,JIM SULLIVAN BLVD,221 JIM SULLIVAN BLVD,SALISBURY,28145,NC,United States
"PO BOX 363, HEBRONVILLE, TX 78361,United States","HEBRONVILLE, TX 78361",,,,HEBRONVILLE,78361,TX,United States
"178 W RIDGE AVE PO BOX 344, CELINA, TN 38551, United States","178 W RIDGE AVE, CELINA, TN 38551",178,W RIDGE AVE,178 W RIDGE AVE,CELINA,38551,TN,United States
"PO BOX 8231, MOULTRIE, GA, 31776,, United States","MOULTRIE, GA 31776, United States",,,,MOULTRIE,31776,GA,United States
"C/O MELISSA CARDIFF 730 WINSTON ST,CHESTNUT HILL,,MA,USA","730 WINSTON ST, CHESTNUT HILL, MA, USA",730,WINSTON ST,730 WINSTON ST,CHESTNUT HILL,,MA,USA
"C/O WINDSOR-HANSON COMPANY 391 PARK AVENUE, NEW YORK, NY 10022, United States","391 PARK AVENUE, NEW YORK, NY 10022",391,PARK AVENUE,391 PARK AVENUE,NEW YORK,10022,NY,United States
"C/O FRANK C GOSLING, 206 IRVING CT, FRANKLIN, TN 37064, United States","206 IRVING CT, FRANKLIN, TN 37064",206,IRVING CT,206 IRVING CT,FRANKLIN,37064,TN,United States
"C/O ROBERT S. MARINO 52 GREY ST.,LYNN,,MA,USA","52 GREY ST, LYNN, MA, USA",52,GREY ST,52 GREY ST,LYNN,,MA,USA
"C/O KEY & PEELE 83 MAIN ST.,LEOMINSTER,,MA,USA","83 MAIN ST, LEOMINSTER, MA, USA",83,MAIN ST,83 MAIN ST,LEOMINSTER,,MA,USA
"C/O MATTHEW F. HOMER 771 ELM ST.,SO DARTMOUTH,,MA,USA","771 ELM ST.,SO DARTMOUTH,,MA,USA",771,ELM ST.,"771 ELM ST.",SO DARTMOUTH,,MA,USA
"C/O VERNON DORMER 92 BUCKINGHAM ST.,SPRINGFIELD,,MA,USA","92 BUCKINGHAM ST.,SPRINGFIELD,,MA,USA",92,BUCKINGHAM ST.,"92 BUCKINGHAM ST.",SPRINGFIELD,,MA,USA
"C/O WILL. F. MARE 16 BAILER HILL RD.,WALTHAM,,MA,USA","16 BAILER HILL RD.,WALTHAM,,MA,USA",16,BAILER HILL RD.,"16 BAILER HILL RD.",WALTHAM,,MA,USA
"C/O RABO UNITED BK 172 NAWAKA ST, CHATTANOOGA, TN 37401, United States","172 NAWAKA ST, CHATTANOOGA, TN 37401, United States",172,NAWAKA ST,"172 NAWAKA ST",CHATTANOOGA,37401,TN,United States
"C/O EVL CORP SYSTEM, KNOXVILLE, TN 37902, United States","KNOXVILLE, TN 37902, United States",,,,"KNOXVILLE",37902,TN,United States
"C/O E M RICHARD RTE, COLUMBIA, TN 00000, United States","COLUMBIA, TN 00000, United States",,,,"COLUMBIA",00000,TN,United States
"C/O One Kimberley Centre 13 JENKS AVE.,FRAMINGHAM,,MA,USA","13 JENKS AVE.,FRAMINGHAM,,MA,USA",13,JENKS AVE.,"13 JENKS AVE.",FRAMINGHAM,,MA,USA
"C/O JAN S MONTGOMERY, LEXINGTON, TN 38351, United States","LEXINGTON, TN 38351, United States",,,,"LEXINGTON",38351,TN,United States
"Building 12, 3525 Marchmont Rd SW Ste 500,ATLANTA,GA,30305,US","3525 Marchmont Rd SW Ste 500,ATLANTA,GA,30305,US",3525,Marchmont Rd SW Ste 500,"3525 Marchmont Rd SW Ste 500",ATLANTA,30305,GA,US
"Building 8, 702 North Varina, Suite 230, TX,78746,US","702 North Varina, Suite 230, TX,78746,US",702,North Varina,702 North Varina,Austin,78746,TX,US
"Building 631, 9 Browning Pkwy Fl 1,SAN MATEO,CA,94403,US","9 Browning Pkwy Fl 1,SAN MATEO,CA,94403,US",9,Browning Pkwy,9 Browning Pkwy,San Mateo,94403,CA,US
"ROYAL MANOR FINANCIAL CENTER, 6 Tampico Way, SUITE 125A,ORINDA,CA,94563,US","6 Tampico Way, SUITE 125A,ORINDA,CA,94563,US",6,Tampico Way,6 Tampico Way,Orinda,94563,CA,US
"Asian Culture Center, 7318 N Yarmouth St,WILMINGTON,DE,19801,US","7318 N Yarmouth St,WILMINGTON,DE,19801,US",7318,N Yarmouth St,7318 N Yarmouth St,Wilmington,19801,DE,US
"Suite 920, One World Center, 6399 Empress Drive,BETHESDA,MD,20817,US","6399 Empress Drive,BETHESDA,MD,20817,US",6399,Empress Drive,6399 Empress Drive,Bethesda,20817,MD,US
"Four Saints Recreation Center, 527 Mikes St,NEW YORK,NY,10285,US","527 Mikes St,NEW YORK,NY,10285,US",527,Mikes St,527 Mikes St,New York,10285,NY,US
"ONE WORLD CENTER, 26TH FLOOR,C/O JUAN LEONS PRIVATE EQ, INC.,SAN FRANCISCO,CA,94111,US","C/O JUAN LEONS PRIVATE EQ, INC.,SAN FRANCISCO,CA,94111,US",,,C/O JUAN LEONS PRIVATE EQ, San Francisco,94111,CA,US
"DE HEALTH Center, Research Building, 1733 Acero Highway, Wilmington, DE 19805, US","1733 Acero Highway, Wilmington, DE 19805, US",1733,Acero Highway,1733 Acero Highway,Wilmington,19805,DE,US
"371 BERGENFIELD CENTER, 413 HAYNES STREET,HOUSTON,TX,77002,US","413 HAYNES STREET,HOUSTON,TX,77002,US",413,HAYNES STREET,413 HAYNES STREET,Houston,77002,TX,US
"5125 Plymouth Blvd Ste 315,PLYMOUTH,MN,55447,US","5125 Plymouth Blvd Ste 315,PLYMOUTH,MN,55447,US",5125,Plymouth Blvd,5125 Plymouth Blvd, Plymouth,55447,MN,US
"PO Box 726, 399 N Virginia Blvd,READING,PA,19610,US","399 N Virginia Blvd, READING, PA, 19610, US",399,N Virginia Blvd,399 N Virginia Blvd,READING,19610,PA,US
"SUITE 87, 3312 JEFFERSON BLVD,HOUSTON,TX,77024,US","3312 JEFFERSON BLVD, HOUSTON, TX, 77024, US",3312,JEFFERSON BLVD,3312 JEFFERSON BLVD,HOUSTON,77024,TX,US
"3991 Prairie Moon Blvd, Suite 419,TWINSBURG,OH,44087,US","3991 Prairie Moon Blvd, Suite 419, TWINSBURG, OH, 44087, US",3991,Prairie Moon Blvd,3991 Prairie Moon Blvd,TWINSBURG,44087,OH,US
"13164 Aston Blvd Fl 2,DALLAS,TX,75254,US","13164 Aston Blvd Fl 2, DALLAS, TX, 75254, US",13164,Aston Blvd,13164 Aston Blvd,DALLAS,75254,TX,US
"2818 Railroad Blvd Ste 211,BOULDER,CO,80301,US","2818 Railroad Blvd Ste 211, BOULDER, CO, 80301, US",2818,Railroad Blvd,2818 Railroad Blvd,BOULDER,80301,CO,US
"901 Shane M Connor Blvd Ste 52,TEANECK,NJ,07666,US","901 Shane M Connor Blvd Ste 52, TEANECK, NJ, 07666, US",901,Shane M Connor Blvd,901 Shane M Connor Blvd,TEANECK,07666,NJ,US
"6428 E Sidney Blvd,SARASOTA,FL,34243,US","6428 E Sidney Blvd, SARASOTA, FL, 34243, US",6428,E Sidney Blvd,6428 E Sidney Blvd,SARASOTA,34243,FL,US
"524 W Arbor Blvd,FORT LAUDERDALE,FL,33394,US","524 W Arbor Blvd, FORT LAUDERDALE, FL, 33394, US",524,W Arbor Blvd,524 W Arbor Blvd,FORT LAUDERDALE,33394,FL,US
"2315 Wendover Blvd Ste 1785,IRVING,TX,75039,US","2315 Wendover Blvd Ste 1785, IRVING, TX, 75039, US",2315,Wendover Blvd,2315 Wendover Blvd,IRVING,75039,TX,US
"9028 Birchwood Street - 5210,HOUSTON,TX,77002,US","9028 Birchwood Street - 5210, HOUSTON, TX, 77002, US",9028,Birchwood Street,9028 Birchwood Street,HOUSTON,77002,TX,US
"6252 Sunset St,BEAUMONT,TX,77707,US","6252 Sunset St, BEAUMONT, TX, 77707, US",6252,Sunset St,6252 Sunset St,BEAUMONT,77707,TX,US
"14Th Floor, 21 West 5th St,,,10010,US","21 West 5th St, 14Th Floor, 10010, US",21,West 5th St,21 West 5th St, ,10010, ,US
"763 Clark St,BRAINERD,MN,56401,US","763 Clark St, BRAINERD, MN, 56401, US",763,Clark St,763 Clark St,BRAINERD,56401,MN,US
"146 Lakeview St,BOSTON,MA,02199,US","146 Lakeview St, BOSTON, MA, 02199, US",146,Lakeview St,146 Lakeview St,BOSTON,02199,MA,US
"383 Walker St,DENVER,CO,80206,US","383 Walker St, DENVER, CO, 80206, US",383,Walker St,383 Walker St,DENVER,80206,CO,US
"53 C Nn Hwy S Fl 4,DARIEN,CT,06820,US","53 C Nn Hwy S Fl 4, DARIEN, CT, 06820, US",53 C,Nn Hwy S,53 C Nn Hwy S,DARIEN,06820,CT,US
"492 Northwestern Hwy., Ste. 488,FARMINGTON HILLS,MI,48334,US","492 Northwestern Hwy., Ste. 488, FARMINGTON HILLS, MI, 48334, US",492,Northwestern Hwy.,492 Northwestern Hwy.,FARMINGTON HILLS,48334,MI,US
"4553 N Capital of Texas Hwy Ste 926,AUSTIN,TX,78746,US","4553 N Capital of Texas Hwy Ste 926, AUSTIN, TX, 78746, US",4553,N Capital of Texas Hwy,4553 N Capital of Texas Hwy,AUSTIN,78746,TX,US
"14130 Devon Hwy,SANTA FE SPRINGS,CA,90670,US","14130 Devon Hwy, SANTA FE SPRINGS, CA, 90670, US",14130,Devon Hwy,14130 Devon Hwy,SANTA FE SPRINGS,90670,CA,US
"506 S Murdock Hwy # 301,DEERFIELD BEACH,FL,33441,US","506 S Murdock Hwy # 301, DEERFIELD BEACH, FL, 33441, US",506,S Murdock Hwy,506 S Murdock Hwy,DEERFIELD BEACH,33441,FL,US
"1719 W Federal Hwy Ste 633,BOCA RATON,FL,33432,US","1719 W Federal Hwy Ste 633,BOCA RATON,FL,33432,US",1719,"W Federal Hwy","1719 W Federal Hwy Ste 633","BOCA RATON","33432","FL","US"
"31102 N Capital of Texas Hwy Ste 3104,WEST LAKE HILLS,TX,78746,US","31102 N Capital of Texas Hwy Ste 3104,WEST LAKE HILLS,TX,78746,US",31102,"N Capital of Texas Hwy","31102 N Capital of Texas Hwy Ste 3104","WEST LAKE HILLS","78746","TX","US"
"#12, 72 W.Johnston Hwy,ST AUGUSTINE,FL,32084,US","#12, 72 W.Johnston Hwy,ST AUGUSTINE,FL,32084,US",72,"W Johnston Hwy","72 W Johnston Hwy","ST AUGUSTINE","32084","FL","US"
"3262 SW Tucker Way # C453,PORTLAND,OR,97230,US","3262 SW Tucker Way # C453,PORTLAND,OR,97230,US",3262,"SW Tucker Way","3262 SW Tucker Way # C453","PORTLAND","97230","OR","US"
"7284 VOLLMER PARKWAY, SUITE 64,FOOTHILL RANCH,CA,92610,US","7284 VOLLMER PARKWAY, SUITE 64,FOOTHILL RANCH,CA,92610,US",7284,"VOLLMER PARKWAY","7284 VOLLMER PARKWAY, SUITE 64","FOOTHILL RANCH","92610","CA","US"
"913 Old Evadale Way,BELMONT,CA,94002,US","913 Old Evadale Way,BELMONT,CA,94002,US",913,"Old Evadale Way","913 Old Evadale Way","BELMONT","94002","CA","US"
"6337 NEW FORREST WAY,FREDERICK,MD,21703,US","6337 NEW FORREST WAY,FREDERICK,MD,21703,US",6337,"NEW FORREST WAY","6337 NEW FORREST WAY","FREDERICK","21703","MD","US"
"7385 Hartman Way,VISTA,CA,92081,US","7385 Hartman Way,VISTA,CA,92081,US",7385,"Hartman Way","7385 Hartman Way","VISTA","92081","CA","US"
"52275 Woodson Way, Ste. 624,SUN VALLEY,CA,91352,US","52275 Woodson Way, Ste. 624,SUN VALLEY,CA,91352,US",52275,"Woodson Way","52275 Woodson Way, Ste. 624","SUN VALLEY","91352","CA","US"
"388 BROADWAY 1ST FL,NEW YORK,NY,10038,US","388 BROADWAY 1ST FL,NEW YORK,NY,10038,US",388,"BROADWAY","388 BROADWAY 1ST FL","NEW YORK","10038","NY","US"
"668 W. Heaton Parkway Unit #H148,OREM,UT,84097,US","668 W. Heaton Parkway Unit #H148,OREM,UT,84097,US",668,W. Heaton Parkway,668 W. Heaton Parkway Unit #H148,OREM,84097,UT,US
"21664 Saint Peters Road, Suite,SOLON,OH,44139,US","21664 Saint Peters Road, Suite,SOLON,OH,44139,US",21664,Saint Peters Road,21664 Saint Peters Road,SOLON,44139,OH,US
"48817 Hallman Road, Geauga County,CHAGRIN FALLS,OH,44023,US","48817 Hallman Road, Geauga County,CHAGRIN FALLS,OH,44023,US",48817,Hallman Road,48817 Hallman Road,CHAGRIN FALLS,44023,OH,US
"18232 Somerville Road,CORAL SPRINGS,FL,33076,US","18232 Somerville Road,CORAL SPRINGS,FL,33076,US",18232,Somerville Road,18232 Somerville Road,CORAL SPRINGS,33076,FL,US
"2811 Brevard Road,DOWNERS GROVE,IL,60515,US","2811 Brevard Road,DOWNERS GROVE,IL,60515,US",2811,Brevard Road,2811 Brevard Road,DOWNERS GROVE,60515,IL,US
"4750 Lonnie Road, Suite 542,HOUSTON,TX,77057,US","4750 Lonnie Road, Suite 542,HOUSTON,TX,77057,US",4750,Lonnie Road,4750 Lonnie Road, HOUSTON,77057,TX,US
"2213 Carter Road, Suite 260,SANTA CLARA,CA,95051,US","2213 Carter Road, Suite 260,SANTA CLARA,CA,95051,US",2213,Carter Road,2213 Carter Road, SANTA CLARA,95051,CA,US
"705 Coleman Road,OAK BROOK,IL,60523,US","705 Coleman Road,OAK BROOK,IL,60523,US",705,Coleman Road,705 Coleman Road,OAK BROOK,60523,IL,US
"434 GRANT ROAD WEST, SUITE 140,LARGO,FL,33773,US","434 GRANT ROAD WEST, SUITE 140,LARGO,FL,33773,US",434,GRANT ROAD WEST,434 GRANT ROAD WEST,LARGO,33773,FL,US
"2515 Hancock Point Ct # J,WINTER PARK,FL,32792,US","2515 Hancock Point Ct # J,WINTER PARK,FL,32792,US",2515,Hancock Point Ct,2515 Hancock Point Ct # J,WINTER PARK,32792,FL,US
"6662 Laurel View Ct Ste 142,OXNARD,CA,93036,US","6662 Laurel View Ct Ste 142, OXNARD, CA, 93036, US",6662,Laurel View Ct,6662 Laurel View Ct,OXNARD,93036,CA,US
"1092 Redfish Ct W Ste 447,ROSWELL,GA,30076,US","1092 Redfish Ct W Ste 447, ROSWELL, GA, 30076, US",1092,Redfish Ct W,1092 Redfish Ct W,ROSWELL,30076,GA,US
"5078 SW 23rd Ct Ste 255,OPA LOCKA,FL,33054,US","5078 SW 23rd Ct Ste 255, OPA LOCKA, FL, 33054, US",5078,SW 23rd Ct,5078 SW 23rd Ct,OPA LOCKA,33054,FL,US
"63 Hillcrest Ct E Ste 625,ROSWELL,GA,30076,US","63 Hillcrest Ct E Ste 625, ROSWELL, GA, 30076, US",63,Hillcrest Ct E,63 Hillcrest Ct E,ROSWELL,30076,GA,US
"969 Forestdale Dr Ste 377,SPRING,TX,77379,US","969 Forestdale Dr Ste 377, SPRING, TX, 77379, US",969,Forestdale Dr,969 Forestdale Dr,SPRING,77379,TX,US
"2068 W Fairground Dr Ste 500,KANSAS CITY,MO,64163,US","2068 W Fairground Dr Ste 500, KANSAS CITY, MO, 64163, US",2068,W Fairground Dr,2068 W Fairground Dr,KANSAS CITY,64163,MO,US
"11401 Bent Oak Dr Ste 100,SAN DIEGO,CA,92130,US","11401 Bent Oak Dr Ste 100, SAN DIEGO, CA, 92130, US",11401,Bent Oak Dr,11401 Bent Oak Dr,SAN DIEGO,92130,CA,US
"2068 Burns Dr Ste B,LAS VEGAS,NV,89119,,US","2068 Burns Dr Ste B, LAS VEGAS, NV, 89119, US",2068,Burns Dr,2068 Burns Dr,LAS VEGAS,89119,NV,US
"3602 Fox Ridge Dr. Suite 833, The Woodlands,,TX,77380,US","3602 Fox Ridge Dr. Suite 833, The Woodlands, TX, 77380, US",3602,Fox Ridge Dr,3602 Fox Ridge Dr,The Woodlands,77380,TX,US
"59 Nickel Dr,ORCHARD PARK,NY,14127,US","59 Nickel Dr, ORCHARD PARK, NY, 14127, US",59,Nickel Dr,59 Nickel Dr,ORCHARD PARK,14127,NY,US
"41443 Lewis Dr,BAKERSFIELD,CA,93311,US","41443 Lewis Dr,BAKERSFIELD,CA,93311,US",41443,Lewis Dr,41443 Lewis Dr,BAKERSFIELD,93311,CA,US
"3128 New Mcneil Dr,RESTON,VA,20191,US","3128 New Mcneil Dr,RESTON,VA,20191,US",3128,New Mcneil Dr,3128 New Mcneil Dr,RESTON,20191,VA,US
"2502 NW 53rd St Bldg C Ste 347,BELLEVUE,WA,98007,US","2502 NW 53rd St Bldg C Ste 347,BELLEVUE,WA,98007,US",2502,NW 53rd St,2502 NW 53rd St Bldg C Ste 347,BELLEVUE,98007,WA,US
"Robert Koch Bldg 4223 4th Ave,DETROIT,MI,48202,US","Robert Koch Bldg 4223 4th Ave,DETROIT,MI,48202,US",4223,4th Ave,Robert Koch Bldg 4223 4th Ave,DETROIT,48202,MI,US
"429 Larson Bldg,PORTLAND,OR,,US","429 Larson Bldg,PORTLAND,OR,,US",429,Larson Bldg,429 Larson Bldg,PORTLAND,,OR,US
"4520 Mount Olive Highway, Bldg 5, Ste 3321,78759,US","4520 Mount Olive Highway, Bldg 5, Ste 3321,78759,US",4520,Mount Olive Highway,4520 Mount Olive Highway,,78759,,US,
"202 Sleepy Hollow Pkwy Bldg 2101 Ste 201,ATHENS,GA,30606,US","202 Sleepy Hollow Pkwy Bldg 2101 Ste 201,ATHENS,GA,30606,US",202,Sleepy Hollow Pkwy,202 Sleepy Hollow Pkwy Bldg 2101 Ste 201,ATHENS,30606,GA,US
"Berger Bldg 6 Hamlin Ln Dept RB08,MIDDLE ISLAND,NY,11953,US","Berger Bldg 6 Hamlin Ln Dept RB08,MIDDLE ISLAND,NY,11953,US",6,Hamlin Ln,Berger Bldg 6 Hamlin Ln Dept RB08,MIDDLE ISLAND,11953,NY,US
"5524 Elmore Ave Bldg 266,PHILADELPHIA,PA,19146,US","5524 Elmore Ave Bldg 266,PHILADELPHIA,PA,19146,US",5524,Elmore Ave,5524 Elmore Ave Bldg 266,PHILADELPHIA,19146,PA,US
"1172 Hudson Way Pl Bldg 3 Ste 530,LAKE OSWEGO,OR,97035,US","1172 Hudson Way Pl Bldg 3 Ste 530,LAKE OSWEGO,OR,97035,US",1172,Hudson Way Pl,1172 Hudson Way Pl Bldg 3 Ste 530,LAKE OSWEGO,97035,OR,US
"For more information contact us: CJMcBride.org 251 943-1615 17644 County Road 26 Michigan Ave. Foley, AL 36536 Email: info@cjmcbride.org", "17644 County Road 26 Michigan Ave. Foley, AL 36536",26,Michigan Ave.,26 Michigan Ave.,Foley,36536,AL,
"Paper Co, 499 East Tioga Street, Philadelphia, PA, PA, 19134", "499 East Tioga Street, Philadelphia, PA, PA, 19134",499,East Tioga Street,499 East Tioga Street,Philadelphia,19134,PA,
"© 2021 Pannier Graphics | 345 Oak Road Gibsonia, PA | 724.265.4900 | All Rights Reserved", "345 Oak Road Gibsonia, PA",345,Oak Road,345 Oak Road,Gibsonia,,PA,